{
  "Dennis Anderson": {
    "date":{
      "clockin":"time"
      "clockout":"time"
      "startlunch":"time"
      "endlunch":"time"
      "hours":"clockout - (clockin + (endlunch - startlunch))"
    }
  }
  "David Blum": {
    "date":{
      "clockin":"time"
      "clockout":"time"
      "startlunch":"time"
      "endlunch":"time"
      "hours":"clockout - (clockin + (endlunch - startlunch))"
    }
  }
  "Samuel McClure": {
    "date":"date"
    "timecard":{
      "clockin":"time"
      "clockout":"time"
      "startlunch":"time"
      "endlunch":"time"
      "hours":"clockout - (clockin + (endlunch - startlunch))"
    }
  }
}
