{
  "Dennis Anderson": {
    "name":"Dennis Anderson",
    "status":"Clocked Out",
    "template":{
      "timecard":{
        "clockin":"time",
        "clockout":"time",
        "startlunch":"time",
        "endlunch":"time",
        "hours":"hours",
      },
    },
  },
  "David Blum": {
    "name":"David Blum",
    "status":"Clocked Out",
    "template":{
      "timecard":{
        "clockin":"time",
        "clockout":"time",
        "startlunch":"time",
        "endlunch":"time",
        "hours":"hours",
      },
    },
  },
  "Samuel McClure": {
    "name":"Samuel McClure",
    "status":"Clocked Out",
    "template":{
      "timecard":{
        "clockin":"time",
        "clockout":"time",
        "startlunch":"time",
        "endlunch":"time",
        "hours":"hours",
      },
    },
  },
  "Friend Frienderson": "new"
}
