{
  "McClure":{
    "category":"PreProduction",
    "date":"10/19/20",
    "labels":{
      "urgent":false,
      "information":true,
      "order":false,
      "quote":true
    }
  },
  "Roberts":{
    "category":"PreProduction",
    "date":"09/01/20",
    "labels":{
      "urgent":true,
      "information":false,
      "order":false,
      "quote":true
    }
  },
  "Johnson":{
    "category":"PreProduction",
    "date":"12/27/20",
    "labels":{
      "urgent":false,
      "information":true,
      "order":true,
      "quote":true
    }
  },
  "Thompson":{
    "category":"PreProduction",
    "date":"04/08/20",
    "labels":{
      "urgent":true,
      "information":true,
      "order":false,
      "quote":false
    }
  },
  "Makarov":{
    "category":"Production",
    "date":"12/29/19",
    "labels":{
      "urgent":true,
      "information":false,
      "order":false,
      "quote":true
    }
  },
  "Smith":{
    "category":"Production",
    "date":"07/19/20",
    "labels":{
      "urgent":false,
      "information":true,
      "order":true,
      "quote":true
    }
  },
  "O'Reailly":{
    "category":"Production",
    "date":"06/12/20",
    "labels":{
      "urgent":false,
      "information":true,
      "order":false,
      "quote":true
    }
  },
  "Kelley":{
    "category":"Biiling",
    "date":"10/19/20",
    "labels":{
      "urgent":false,
      "information":true,
      "order":false,
      "quote":true
    }
  },
  "Meehan":{
    "category":"Billing",
    "date":"10/19/20",
    "labels":{
      "urgent":false,
      "information":true,
      "order":false,
      "quote":true
    }
  },
  "Simpson":{
    "category":"Sales",
    "date":"11/13/20",
    "labels":{
      "urgent":false,
      "information":true,
      "order":false,
      "quote":true
    }
  },
  "Alexander":{
    "category":"Sales",
    "date":"08/22/20",
    "labels":{
      "urgent":false,
      "information":true,
      "order":false,
      "quote":true
    }
  }
}
